timestamp,topic,detail,options,scores,luna_summary
2025-12-02 13:43:11,仕事の方針について,無職でも大丈夫？,就職する;アプリを作って儲ける;自分を信じる,"{'就職する': {'money': 5, 'time': 5, 'growth': 5, 'fun': 5, 'family': 5}, 'アプリを作って儲ける': {'money': 5, 'time': 5, 'growth': 5, 'fun': 5, 'family': 5}, '自分を信じる': {'money': 5, 'time': 5, 'growth': 5, 'fun': 5, 'family': 5}}","ご主人、こんにちは。最近ちょっとイライラしてるみたいで心配だよ。お仕事のこと、いろいろ迷ってるんだね。今日はそのことを一緒に整理しながら考えてみようね。

---

### 【候補ごとの良い点と気をつけたい点】

#### 1. 就職する
- **良い点**
  - 収入が安定しやすいから、生活の不安が減るかも。
  - 規則的な生活リズムを作りやすい。
  - 社会的なつながりや経験が得られて、自己成長のきっかけにもなる。
- **気をつけたい点**
  - 固定された時間や環境に縛られることがストレスになるかも。
  - 今の気分やイライラ感が続くと、仕事のプレッシャーが重く感じることもあるかもしれない。

#### 2. アプリを作って儲ける
- **良い点**
  - 自分のペースで進められるし、クリエイティブな面でワクワクできる可能性がある。
  - 成功すれば収入の柱ができて、自由度も増す。
  - 挑戦することで成長感や達成感が得やすい。
- **気をつけたい点**
  - 収入が不安定になるリスクがある。
  - 一人で抱え込みすぎると、気持ちが疲れやすいかもしれない。
  - 自分を信じる力と同時に、現実的な計画も必要。

#### 3. 自分を信じる
- **良い点**
  - 自己肯定感が高まり、内面の安定につながる。
  - 新しいことにチャレンジしやすいし、長期的に活きる力になる。
- **気をつけたい点**
  - 具体的な行動や計画がないと、迷いが増してしまうことも。
  - 自分を信じるだけでなく、周りの意見や現実も少しは踏まえるバランスが大事。

---

### ご主人が大事にしていそうな価値観

- 安定と安心感（お金・家族）
- 自由にやりたいことを選びたい気持ち（ワクワク）
- 自分の成長や可能性を信じたい気持ち
- 心のゆとりや精神的な安定

---

### 今のご主人に合っていそうな方向性

最近の気分が低めでイライラもあることから、あまり大きなストレスや不確定な状況は避けたい気持ちがあるかもしれませんね。だからこそ、

- **「就職する」ことでまずは生活の土台を安定させて、心の余裕を少しずつ取り戻す方法**
- もしくは、心が落ち着いたときに挑戦できるように、無理のない範囲で「アプリ作りのアイデアを少しずつ温めていく」こと

このあたりのバランスが良さそうに感じます。

---

### ルナ的な提案

今はまず「安定感」を少しずつ取り戻すことが大切かもしれないよ。"
